Ind,Acronym,Positive votes,Negative votes,Description,
1,1GL,0,0,First-Generation Programming Language,
2,1NF,0,0,First Normal Form,
3,10B2,0,0,10BASE-2,
4,10B5,0,0,10BASE-5,
5,10B-F,0,0,10BASE-F,
6,10B-FB,0,0,10BASE-FB,
7,10B-FL,0,0,10BASE-FL,
8,10B-FP,0,0,10BASE-FP,
9,10B-T,0,0,10BASE-T,
10,100B-FX,0,0,100BASE-FX,
11,100B-T,0,0,100BASE-T,
12,100B-TX,0,0,100BASE-TX,
13,100BVG,0,0,100BASE-VG,
14,286,0,0,Intel 80286 processor,
15,2B1Q,0,0,2 Binary 1 Quaternary,
16,2FA,0,0,Two-factor authentication,
17,2GL,0,0,Second-Generation Programming Language,
18,2NF,0,0,Second Normal Form,
19,3GL,0,0,Third-Generation Programming Language,
20,3GPP,0,0,3rd Generation Partnership Project 3G comms,
21,3GPP2,0,0,3rd Generation Partnership Project 2,
22,3NF,0,0,Third Normal Form,
23,386,0,0,Intel 80386 processor,
24,486,0,0,Intel 80486 processor,
25,4B5BLF,0,0,4 Byte 5 Byte Local Fiber,
26,4GL,0,0,Fourth-Generation Programming Language,
27,4NF,0,0,Fourth Normal Form,
28,5GL,0,0,Fifth-Generation Programming Language,
29,5NF,0,0,Fifth Normal Form,
30,6NF,0,0,Sixth Normal Form,
31,8B10BLF,0,0,8 Byte 10 Byte Local Fiber,
32,802.11,0,0,Wireless LAN,
33,AAA,0,0,Authentication Authorization  Accounting,
34,AABB,0,0,Axis Aligned Bounding Box,
35,AAC,0,0,Advanced Audio Coding,
36,AAL,0,0,ATM Adaptation Layer,
37,AALC,0,0,ATM Adaptation Layer Connection,
38,AARP,0,0,AppleTalk Address Resolution Protocol,
39,ABAC,0,0,Attribute-Based Access Control,
40,ABCL,0,0,Actor-Based Concurrent Language,
41,ABI,0,0,Application Binary Interface,
42,ABM,0,0,Asynchronous Balanced Mode,
43,ABR,0,0,Area Border Router,
44,ABR,0,0,Auto Baud-Rate detection,
45,ABR,0,0,Available Bitrate,
46,ABR,0,0,Average Bitrate,
47,AC,0,0,Acoustic Coupler,
48,AC,0,0,Alternating Current,
49,ACD,0,0,Automatic Call Distributor,
50,ACE,0,0,Advanced Computing Environment,
51,ACID,0,0,Atomicity Consistency Isolation Durability,
52,ACK,0,0,ACKnowledgement,
53,ACK,0,0,Amsterdam Compiler Kit,
54,ACL,0,0,Access Control List,
55,ACL,0,0,Active Current Loop,
56,ACM,0,0,Association for Computing Machinery,
57,ACME,0,0,Automated Classification of Medical Entities,
58,ACP,0,0,Airline Control Program,
59,ACPI,0,0,Advanced Configuration and Power Interface,
60,ACR,0,0,Allowed Cell Rate,
61,ACR,0,0,Attenuation to Crosstalk Ratio,
62,AD,0,0,Active Directory,
63,AD,0,0,Administrative Domain,
64,ADC,0,0,Analog-to-Digital Converter,
65,ADC,0,0,Apple Display Connector,
66,ADB,0,0,Apple Desktop Bus,
67,ADCCP,0,0,Advanced Data Communications Control Procedures,
68,ADO,0,0,ActiveX Data Objects,
69,ADSL,0,0,Asymmetric Digital Subscriber Line,
70,ADT,0,0,Abstract Data Type,
71,AE,0,0,Adaptive Equalizer,
72,AES,0,0,Advanced Encryption Standard,
73,AF,0,0,Anisotropic Filtering,
74,AFP,0,0,Apple Filing Protocol,
75,AGP,0,0,Accelerated Graphics Port,
76,AH,0,0,Active Hub,
77,AI,0,0,Artificial Intelligence,
78,AIX,0,0,Advanced Interactive eXecutive,
79,Ajax,0,0,Asynchronous JavaScript and XML,
80,AL,0,0,Active Link,
81,AL,0,0,Access List,
82,ALAC,0,0,Apple Lossless Audio Codec,
83,ALGOL,0,0,Algorithmic Language,
84,ALSA,0,0,Advanced Linux Sound Architecture,
85,ALU,0,0,Arithmetic and Logical Unit,
86,AM,0,0,Access Method,
87,AM,0,0,Active Matrix,
88,AMOLED,0,0,Active-Matrix Organic Light-Emitting Diode,
89,AM,0,0,Active Monitor,
90,AM,0,0,Allied Mastercomputer,
91,AM,0,0,Amplitude Modulation,
92,AMD,0,0,Advanced Micro Devices,
93,AMQP,0,0,Advanced Message Queuing Protocol,
94,AMR,0,0,Audio Modem Riser,
95,ANN,0,0,Artificial Neural Network,
96,ANSI,0,0,American National Standards Institute,
97,ANT,0,0,Another Neat Tool,
98,AoE,0,0,ATA over Ethernet,
99,AOP,0,0,Aspect-Oriented Programming,
100,APCI,0,0,Application-Layer Protocol Control Information,
101,API,0,0,Application Programming Interface,
102,APIC,0,0,Advanced Programmable Interrupt Controller,
103,APIPA,0,0,Automatic Private IP Addressing,
104,APL,0,0,A Programming Language,
105,APR,0,0,Apache Portable Runtime,
106,ARC,0,0,Adaptive Replacement Cache,
107,ARC,0,0,Advanced RISC Computing,
108,ARIN,0,0,American Registry for Internet Numbers,
109,ARM,0,0,Advanced RISC Machines,
110,AROS,0,0,AROS Research Operating System,
111,ARP,0,0,Address Resolution Protocol,
112,ARPA,0,0,Address and Routing Parameter Area,
113,ARPA,0,0,Advanced Research Projects Agency,
114,ARPANET,0,0,Advanced Research Projects Agency Network,
115,AS,0,0,Access Server,
116,ASCII,0,0,American Standard Code for Information Interchange,
117,AuthIP,0,0,Authenticated Internet Protocol,
118,ASET,0,0,Automated Security Enhancement Tool,
119,ASG,0,0,Abstract Semantic Graph,
120,ASIC,0,0,Application-Specific Integrated Circuit,
121,ASIMO,0,0,Advanced Step in Innovative Mobility,
122,ASLR,0,0,Address Space Layout Randomization,
123,ASM,0,0,Algorithmic State Machine,
124,ASMP,0,0,Asymmetric Multiprocessing,
125,ASN.1,0,0,Abstract Syntax Notation 1,
126,ASP,0,0,Active Server Pages,
127,ASP,0,0,Application Service Provider,
128,ASR,0,0,Asynchronous Signal Routine,
129,AST,0,0,Abstract Syntax Tree,
130,ASSP,0,0,Application-Specific Standard Product,
131,AT,0,0,Advanced Technology,
132,AT,0,0,Access Time,
133,AT,0,0,Active Terminator,
134,ATA,0,0,Advanced Technology Attachment,
135,ATAG,0,0,Authoring Tool Accessibility Guidelines,
136,ATAPI,0,0,Advanced Technology Attachment Packet Interface,
137,ATM,0,0,Asynchronous Transfer Mode,
138,AV,0,0,Antivirus,
139,AVC,0,0,Advanced Video Coding,
140,AVI,0,0,Audio Video Interleaved,
141,AWK,0,0,Aho Weinberger Kernighan,
142,AWT,0,0,Abstract Window Toolkit,
143,AWFL,0,0,Acronym With Four Letters,
144,B2B,0,0,Business-to-Business,
145,B2C,0,0,Business-to-Consumer,
146,B2E,0,0,Business-to-Employee,
147,BAL,0,0,Basic Assembly Language,
148,BAM,0,0,Block Availability Map,
149,Bash,0,0,Bourne-again shell,
150,BASIC,0,0,Beginner's All-Purpose Symbolic Instruction Code,
151,BBP,0,0,Baseband Processor,
152,BBS,0,0,Bulletin Board System,
153,BCD,0,0,Binary Coded Decimal,
154,BCD,0,0,Boot Configuration Data,
155,BCNF,0,0,Boyceâ€“Codd normal form,
156,BEEP,0,0,Blocks Extensible Exchange Protocol,
157,BER,0,0,Bit Error Rate,
158,BFD,0,0,Bidirectional Forwarding Detection,
159,BFD,0,0,Binary File Descriptor,
160,BFS,0,0,Breadth-First Search,
161,BFT,0,0,Byzantine Fault Tolerant,
162,BGP,0,0,Border Gateway Protocol,
163,BI,0,0,Business Intelligence,
164,BiDi,0,0,Bi-Directional,
165,bin,0,0,binary,
166,BINAC,0,0,Binary Automatic Computer,
167,BIND,0,0,Berkeley Internet Name Domain,
168,BIOS,0,0,Basic Input Output System,
169,BJT,0,0,Bipolar Junction Transistor,
170,bit,0,0,binary digit,
171,Blob,0,0,Binary large object,
172,Blog,0,0,Web Log,
173,BMP,0,0,Basic Multilingual Plane,
174,BNC,0,0,Bayonet Neill-Concelman,
175,BOINC,0,0,Berkeley Open Infrastructure for Network Computing,
176,BOM,0,0,Byte Order Mark,
177,BOOTP,0,0,Bootstrap Protocol,
178,BPDU,0,0,Bridge Protocol Data Unit,
179,BPEL,0,0,Business Process Execution Language,
180,BPL,0,0,Broadband over Power Lines,
181,BPM,0,0,Business Process Management,
182,BPM,0,0,Business Process Modeling,
183,bps,0,0,bits per second,
184,BRM,0,0,Business Reference Model,
185,BRMS,0,0,Business Rule Management System,
186,BRR,0,0,Business Readiness Rating,
187,BRS,0,0,Broadband Radio Service,
188,BSA,0,0,Business Software Alliance,
189,BSB,0,0,Backside Bus,
190,BSD,0,0,Berkeley Software Distribution,
191,BSoD,0,0,Blue Screen of Death,
192,BSS,0,0,Block Started by Symbol,
193,BT,0,0,BitTorrent,
194,BT,0,0,Bluetooth,
195,B TAM,0,0,Basic Telecommunications Access Method,
196,BW,0,0,Bandwidth,
197,BYOD,0,0,Bring Your Own Device,
198,Byte,0,0,By eight (group of 8 bits),
199,CA,0,0,Computer architecture,
200,CAD,0,0,Computer-Aided Design,
201,CAE,0,0,Computer-Aided Engineering,
202,CAID,0,0,Computer-Aided Industrial Design,
203,CAI,0,0,Computer-Aided Instruction,
204,CAM,0,0,Computer-Aided Manufacturing,
205,CAPTCHA,0,0,Completely Automated Public Turing Test to tell Computers and Humans Apart,
206,CAT,0,0,Computer-Aided Translation,
207,CAQ,0,0,Computer-Aided Quality Assurance,
208,CASE,0,0,Computer-Aided Software Engineering,
209,cc,0,0,C Compiler,
210,CD,0,0,Compact Disc,
211,CDE,0,0,Common Desktop Environment,
212,CDFS,0,0,Compact Disk File System,
213,CDMA,0,0,Code Division Multiple Access,
214,CDN,0,0,Content Delivery Network,
215,CDP,0,0,Continuous Data Protection,
216,CD-R,0,0,CD-Recordable,
217,CD-ROM,0,0,CD Read-Only Memory,
218,CD-RW,0,0,CD-Rewritable,
219,CDSA,0,0,Common Data Security Architecture,
220,CERT,0,0,Computer Emergency Response Team,
221,CES,0,0,Consumer Electronics Show,
222,CF,0,0,Compact Flash,
223,CFD,0,0,Computational Fluid Dynamics,
224,CFG,0,0,Context-Free Grammar,
225,CFG,0,0,Control Flow Graph,
226,CG,0,0,Computer Graphics,
227,CGA,0,0,Color Graphics Array,
228,CGI,0,0,Common Gateway Interface,
229,CGI,0,0,Computer-Generated Imagery,
230,CGT,0,0,Computational Graph Theory,
231,CHAP,0,0,Challenge-Handshake Authentication Protocol,
232,CHS,0,0,Cylinder-Head-Sector,
233,CIDR,0,0,Classless Inter-Domain Routing,
234,CIFS,0,0,Common Internet Filesystem,
235,CIM,0,0,Common Information Model,
236,CIM,0,0,Computationally Independent Model,
237,CIO,0,0,Chief Information Officer,
238,CIR,0,0,Committed information rate,
239,CISC,0,0,Complex Instruction Set Computer,
240,CJK,0,0,Chinese  Japanese  and Korean,
241,CJKV,0,0,Chinese  Japanese  Korean  and Vietnamese,
242,CLI,0,0,Command Line Interface,
243,CLR,0,0,Common Language Runtime,
244,CM,0,0,Configuration Management,
245,CM,0,0,Content Management,
246,CMDB,0,0,Configuration Management Database,
247,CMMI,0,0,Capability Maturity Model Integration,
248,CMOS,0,0,Complementary Metal-Oxide Semiconductor,
249,CMO,0,0,Current Mode of Operation,
250,CMS,0,0,Content Management System,
251,CN,0,0,Canonical Name,
252,CN,0,0,Common Name,
253,CNC,0,0,Computer Numerical Control,
254,CNG,0,0,Cryptographic Next Generation,
255,CNG,0,0,Cryptography Next Generation,
256,CNR,0,0,Communications and Networking Riser,
257,COBOL,0,0,Common Business-Oriented Language,
258,COM,0,0,Component Object Model or communication,
259,CORBA,0,0,Common Object Request Broker Architecture,
260,COTS,0,0,Commercial Off-The-Shelf,
261,CPA,0,0,Cell Processor Architecture,
262,CPAN,0,0,Comprehensive Perl Archive Network,
263,CP/M,0,0,Control Program/Monitor,
264,CPRI,0,0,Common Public Radio Interface,
265,CPS,0,0,characters per second,
266,CPU,0,0,Central Processing Unit,
267,CR,0,0,Carriage Return,
268,CRAN,0,0,Comprehensive R Archive Network,
269,CRC,0,0,Cyclic Redundancy Check,
270,CRLF,0,0,Carriage Return Line Feeds,
271,CRM,0,0,Customer Relationship Management,
272,CRS,0,0,Computer Reservations System,
273,CRT,0,0,Cathode Ray Tube,
274,CRUD,0,0,Create Read Update and Delete,
275,CS,0,0,Cable Select,
276,CS,0,0,Computer Science,
277,CSE,0,0,Computer Science and Engineering,
278,CSI,0,0,Common System Interface,
279,CSM,0,0,Compatibility Support Module,
280,CSMA/CD,0,0,Carrier sense multiple access with collision detection,
281,CSP,0,0,Cloud Service Provider,
282,CSP,0,0,Communicating Sequential Processes,
283,CSRF,0,0,Cross-Site Request Forgery,
284,CSS,0,0,Cascading Style Sheets,
285,CSS,0,0,Content-Scrambling System,
286,CSS,0,0,Closed Source Software,
287,CSS,0,0,Cross-Site Scripting,
288,CSV,0,0,Comma-Separated Values,
289,CT,0,0,Computerized Tomography,
290,CTAN,0,0,Comprehensive TeX Archive Network,
291,CTCP,0,0,Client-To-Client Protocol,
292,CTI,0,0,Computer Telephony Integration,
293,CTFE,0,0,Compile Time Function Execution,
294,CTL,0,0,Computational Tree Logic,
295,CTM,0,0,Close To Metal,
296,CTS,0,0,Clear To Send,
297,CTSS,0,0,Compatible Time-Sharing System,
298,CUA,0,0,Common User Access,
299,CVS,0,0,Concurrent Versioning System,
300,DAC,0,0,Digital-To-Analog Converter,
301,DAC,0,0,Discretionary Access Control,
302,DAL,0,0,Database Abstraction Layer,
303,DAO,0,0,Data Access Object,
304,DAO,0,0,Data Access Objects,
305,DAO,0,0,Disk-At-Once,
306,DAP,0,0,Directory Access Protocol,
307,DARPA,0,0,Defense Advanced Research Projects Agency,
308,DAT,0,0,Digital Audio Tape,
309,DB,0,0,Database,
310,DBA,0,0,Database Administrator,
311,DBCS,0,0,Double Byte Character Set,
312,DBMS,0,0,Database Management System,
313,DCC,0,0,Direct Client-to-Client,
314,DCCP,0,0,Datagram Congestion Control Protocol,
315,DCCA,0,0,Debian Common Core Alliance,
316,DCL,0,0,Data Control Language,
317,DCS,0,0,Distributed Control System,
318,DCMI,0,0,Dublin Core Metadata Initiative,
319,DCOM,0,0,Distributed Component Object Model,
320,DD,0,0,Double Density,
321,DDE,0,0,Dynamic Data Exchange,
322,DDI,0,0,DNS DHCP & IP Address management,
323,DDL,0,0,Data Definition Language,
324,DDoS,0,0,Distributed Denial of Service,
325,DDR,0,0,Double Data Rate,
326,DEC,0,0,Digital Equipment Corporation,
327,DES,0,0,Data Encryption Standard,
328,dev,0,0,development,
329,DFA,0,0,Deterministic Finite Automaton,
330,DFD,0,0,Data Flow Diagram,
331,DFS,0,0,Depth-First Search,
332,DFS,0,0,Distributed File System,
333,DGD,0,0,Dworkin's Game Driver,
334,DHCP,0,0,Dynamic Host Configuration Protocol,
335,DHTML,0,0,Dynamic Hypertext Markup Language,
336,DIF,0,0,Data Integrity Field,
337,DIMM,0,0,Dual Inline Memory Module,
338,DIN,0,0,Deutsches Institut fÃ_r Normung,
339,DIP,0,0,Dual In-line Package,
340,DISM,0,0,Deployment Image and Service Management Tool,
341,DIVX,0,0,Digital Video Express,
342,DKIM,0,0,Domain Keys Identified Mail,
343,DL,0,0,Download,
344,DLL,0,0,Dynamic Link Library,
345,DLNA,0,0,Digital Living Network Alliance,
346,DLP,0,0,Data loss protection,
347,DMA,0,0,Direct Memory Access,
348,DMCA,0,0,Digital Millennium Copyright Act,
349,DMI,0,0,Direct Media Interface,
350,DML,0,0,Data Manipulation Language,
351,DML,0,0,Definitive Media Library,
352,DMR,0,0,Dennis M. Ritchie,
353,DMZ,0,0,Demilitarized Zone,
354,DN,0,0,Distinguished Name,
355,DND,0,0,Drag-and-Drop,
356,DNS,0,0,Domain Name System,
357,DOA,0,0,Dead on Arrival,
358,DOCSIS,0,0,Data Over Cable Service Interface Specification,
359,DOM,0,0,Document Object Model,
360,DoS,0,0,Denial of Service,
361,DOS,0,0,Disk Operating System,
362,DP,0,0,Dot Pitch,
363,DPC,0,0,Deferred Procedure Call,
364,DPI,0,0,Deep Packet Inspection,
365,DPI,0,0,Dots Per Inch,
366,DPMI,0,0,DOS Protected Mode Interface,
367,DPMS,0,0,Display Power Management Signaling,
368,DR,0,0,Disaster Recovery,
369,DRAM,0,0,Dynamic Random-Access Memory,
370,DR-DOS,0,0,Digital Research - Disk Operating System,
371,DRI,0,0,Direct Rendering Infrastructure,
372,DRM,0,0,Digital Rights Management,
373,DRM,0,0,Direct Rendering Manager,
374,DSA,0,0,Digital Signature Algorithm,
375,DSDL,0,0,Document Schema Definition Languages,
376,DSDM,0,0,Dynamic Systems Development Method,
377,DSL,0,0,Digital Subscriber Line,
378,DSL,0,0,Domain-Specific Language,
379,DSLAM,0,0,Digital Subscriber Line Access Multiplexer,
380,DSN,0,0,Database Source Name,
381,DSN,0,0,Data Set Name,
382,DSP,0,0,Digital Signal Processor,
383,DSSSL,0,0,Document Style Semantics and Specification Language,
384,DTD,0,0,Document Type Definition,
385,DTE,0,0,Data Terminal Equipment or data transfer rate,
386,DTP,0,0,Desktop Publishing,
387,DTR,0,0,Data Terminal Ready or Data transfer rate,
388,DVD,0,0,Digital Versatile Disc,
389,DVD-R,0,0,DVD-Recordable,
390,DVD-ROM,0,0,DVD-Read Only Memory,
391,DVD-RW,0,0,DVD-Rewritable,
392,DVI,0,0,Digital Visual Interface,
393,DVR,0,0,Digital Video Recorder,
394,DW,0,0,Data Warehouse,
395,EAI,0,0,Enterprise Application Integration,
396,EAP,0,0,Extensible Authentication Protocol,
397,EAS,0,0,Exchange ActiveSync,
398,EBCDIC,0,0,Extended Binary Coded Decimal Interchange Code,
399,EBML,0,0,Extensible Binary Meta Language,
400,ECC,0,0,Elliptic Curve Cryptography,
401,ECMA,0,0,European Computer Manufacturers Association,
402,ECN,0,0,Explicit Congestion Notification,
403,ECOS,0,0,Embedded Configurable Operating System,
404,ECRS,0,0,Expense and Cost Recovery System,
405,EDA,0,0,Electronic Design Automation,
406,EDGE,0,0, Enhanced Data rates for GSM Evolution,
407,EDI,0,0,Electronic Data Interchange,
408,EDO,0,0,Extended Data Out,
409,EDSAC,0,0,Electronic Delay Storage Automatic Calculator,
410,EDVAC,0,0,Electronic Discrete Variable Automatic Computer,
411,EEPROM,0,0,Electronically Erasable Programmable Read-Only Memory,
412,EFF,0,0,Electronic Frontier Foundation,
413,EFI,0,0,Extensible Firmware Interface,
414,EFM,0,0,Eight-to-Fourteen Modulation,
415,EFS,0,0,Encrypting File System,
416,EGA,0,0,Enhanced Graphics Array,
417,E-mail,0,0,Electronic mail,
418,EGP,0,0,Exterior Gateway Protocol,
419,eID,0,0,electronic ID card,
420,EIDE,0,0,Enhanced IDE,
421,EIGRP,0,0,Enhanced Interior Gateway Routing Protocol,
422,EISA,0,0,Extended Industry Standard Architecture,
423,ELF,0,0,Extremely Low Frequency,
424,ELF,0,0,Executable and Linkable Format,
425,ELM,0,0,ELectronic Mail,
426,EMACS,0,0,Editor MACroS,
427,EMS,0,0,Expanded Memory Specification,
428,ENIAC,0,0,Electronic Numerical Integrator And Computer,
429,EOD,0,0,End of Day,
430,EOF,0,0,End of File,
431,EOL,0,0,End of Line,
432,EOM,0,0,End Of Message,
433,EOS,0,0,End OF Support,
434,EPIC,0,0,Explicitly Parallel Instruction Computing,
435,EPROM,0,0,Erasable Programmable Read-Only Memory,
436,ERD,0,0,Entity-Relationship Diagram,
437,ERM,0,0,Entity-Relationship Model,
438,ERP,0,0,Enterprise Resource Planning,
439,eSATA,0,0,external SATA,
440,ESB,0,0,Enterprise service bus,
441,ESCON,0,0,Enterprise Systems Connection,
442,ESD,0,0,Electrostatic Discharge,
443,ESR,0,0,Eric Steven Raymond,
444,ETL,0,0,Extract Transaform Load,
445,ETW,0,0,Event Tracing for Windows,
446,EUC,0,0,Extended Unix Code,
447,EULA,0,0,End User License Agreement,
448,EWMH,0,0,Extended Window Manager Hints,
449,EXT,0,0,EXTended file system,
450,FAP,0,0,FORTRAN Assembly Program,
451,FASM,0,0,Flat ASseMbler,
452,FAT,0,0,File Allocation Table,
453,FAQ,0,0,Frequently Asked Questions,
454,FBDIMM,0,0,Fully Buffered Dual Inline Memory Module,
455,FC-AL,0,0,Fibre Channel Arbitrated Loop,
456,FCB,0,0,File Control Block,
457,FCS,0,0,Frame Check Sequence,
458,FDC,0,0,Floppy Disk Controller,
459,FDS,0,0,Fedora Directory Server,
460,FDD,0,0,Frequency-Division Duplexing,
461,FDD,0,0,Floppy Disk Drive,
462,FDDI,0,0,Fiber Distributed Data Interface,
463,FDM,0,0,Frequency-Division Multiplexing,
464,FDMA,0,0,Frequency-Division Multiple Access,
465,FEC,0,0,Forward Error Correction,
466,FEMB,0,0,Front-End Motherboard,
467,FET,0,0,Field Effect Transistor,
468,FHS,0,0,Filesystem Hierarchy Standard,
469,FICON,0,0,FIber CONnectivity,
470,FIFO,0,0,First In First Out,
471,FIPS,0,0,Federal Information Processing Standards,
472,FL,0,0,Function Level,
473,FLAC,0,0,Free Lossless Audio Codec,
474,FLOPS,0,0,FLoating-Point Operations Per Second,
475,FLOSS,0,0,Free/Libre/Open Source Software,
476,FMC,0,0," Fixed Mobile Convergence ""Mobile UC or Unified Communications over Wireless""",
477,FMO,0,0,Future Mode of Operation,
478,FOLDOC,0,0,Free On-line Dictionary of Computing,
479,FOSDEM,0,0,Free and Open source Software Developers' European Meeting,
480,FOSI,0,0,Formatted Output Specification Instance,
481,FOSS,0,0,Free and Open Source Software,
482,FP,0,0,Function Programming,
483,FPGA,0,0,Field Programmable Gate Array,
484,FPS,0,0,Floating Point Systems,
485,FPU,0,0,Floating Point Unit,
486,FRU,0,0,Field Replaceable Unit,
487,FS,0,0,File System,
488,FSB,0,0,Front Side Bus,
489,fsck,0,0,File System Check,
490,FSF,0,0,Free Software Foundation,
491,FSM,0,0,Finite State Machine,
492,FTTA,0,0,Fiber To The Antenna,
493,FTTC,0,0,Fiber To The Curb,
494,FTTH,0,0,Fiber To The Home,
495,FTTP,0,0,Fiber To The Premises,
496,FTP,0,0,File Transfer Protocol,
497,FQDN,0,0,Fully Qualified Domain Name,
498,FUD,0,0,Fear Uncertainty Doubt,
499,FWS,0,0,Folding White Space,
500,FXP,0,0,File eXchange Protocol,
501,FYI,0,0,For Your Information,
502,FVEK,0,0,Full Volume Encryption Key,
503,G11N,0,0,Globalization,
504,Gas,0,0,GNU Assembler,
505,Gb,0,0,Gigabit,
506,GB,0,0,Gigabyte,
507,GCC,0,0,GNU Compiler Collection,
508,GCJ,0,0,GNU Compiler for Java,
509,GCR,0,0,Group Coded Recording,
510,GDB,0,0,GNU Debugger,
511,GDI,0,0,Graphics Device Interface,
512,GFDL,0,0,GNU Free Documentation License,
513,GIF,0,0,Graphics Interchange Format,
514,GIGO,0,0,Garbage In Garbage Out,
515,GIMP,0,0,GNU Image Manipulation Program,
516,GIMPS,0,0,Great Internet Mersenne Prime Search,
517,GIS,0,0,Geographic Information System,
518,GLUT,0,0,OpenGL Utility Toolkit,
519,GML,0,0,Geography Markup Language,
520,GNOME,0,0,GNU Network Object Model Environment,
521,GNU,0,0,GNU's Not Unix,
522,GOMS,0,0,Goals Operators Methods and Selection rule,
523,GPASM,0,0,GNU PIC ASseMbler,
524,GPFS,0,0,General Parallel File System,
525,GPG,0,0,GNU Privacy Guard,
526,GPGPU,0,0,General-Purpose Computing on Graphics Processing Units,
527,GPIB,0,0,General-Purpose Instrumentation Bus,
528,GPL,0,0,General Public License,
529,GPL,0,0,General-Purpose Language,
530,GPRS,0,0,General Packet Radio Service,
531,GPT,0,0,GUID Partition Table,
532,GPU,0,0,Graphics Processing Unit,
533,GRUB,0,0,Grand Unified Boot-Loader,
534,GERAN,0,0,GSM EDGE Radio Access Network,
535,GSM,0,0,Global System for Mobile Communications,
536,GTK+,0,0,GIMP Toolkit,
537,GUI,0,0,Graphical User Interface,
538,GUID,0,0,Globally Unique IDentifier,
539,GWT,0,0,Google Web Toolkit,
540,GYR,0,0,IT Networking,
541,HA,0,0,High Availability,
542,HAL,0,0,Hardware Abstraction Layer,
543,HASP,0,0,Houston Automatic Spooling Priority,
544,HBA,0,0,Host Bus Adapter,
545,HCI,0,0,Human Computer Interaction,
546,HD,0,0,High Density,
547,HDD,0,0,Hard Disk Drive,
548,HCL,0,0,Hardware Compatibility List,
549,HD DVD,0,0,High Definition DVD,
550,HDL,0,0,Hardware Description Language,
551,HDMI,0,0,High-Definition Multimedia Interface,
552,HF,0,0,High Frequency,
553,HFS,0,0,Hierarchical File System,
554,HHD,0,0,Hybrid Hard Drive,
555,HID,0,0,Human Interface Device,
556,HIG,0,0,Human Interface Guidelines,
557,HIRD,0,0,Hurd of Interfaces Representing Depth,
558,HLASM,0,0,High Level ASseMbler,
559,HLS,0,0,HTTP Live Streaming,
560,HMA,0,0,High Memory Area,
561,HP,0,0,Hewlett-Packard,
562,HPC,0,0,High-Performance Computing,
563,HPFS,0,0,High Performance File System,
564,HSDPA,0,0,High-Speed Downlink Packet Access,
565,HTC,0,0,High-Throughput Computing,
566,HSM,0,0,Hierarchical Storage Management,
567,HT,0,0,Hyper Threading,
568,HTM,0,0,Hierarchical Temporal Memory,
569,HTML,0,0,Hypertext Markup Language,
570,HTTP,0,0,Hypertext Transfer Protocol,
571,HTTPd,0,0,Hypertext Transport Protocol Daemon,
572,HTTPS,0,0,HTTP Secure,
573,HTX,0,0,HyperTransport eXpansion,
574,HURD,0,0,Hird of Unix-Replacing Daemons,
575,HVD,0,0,Holographic Versatile Disc,
576,Hz,0,0,Hertz,
577,IÂ_C,0,0,Inter-Integrated Circuit,
578,IÂ_S,0,0,Integrated Interchip Sound,
579,I18N,0,0,Internationalization,
580,IANA,0,0,Internet Assigned Numbers Authority,
581,iBCS,0,0,Intel Binary Compatibility Standard,
582,IBM,0,0,International Business Machines,
583,IC,0,0,Integrated Circuit,
584,ICANN,0,0,Internet Corporation for Assigned Names and Numbers,
585,ICE,0,0,In-Circuit Emulator,
586,ICE,0,0,Intrusion Countermeasure Electronics,
587,ICH,0,0,I/O Controller Hub,
588,ICMP,0,0,Internet Control Message Protocol,
589,ICP,0,0,Internet Cache Protocol,
590,ICS,0,0,Internet Connection Sharing,
591,ICT,0,0,Information and Communication Technology,
592,IDE,0,0,Integrated Development Environment,
593,IDE,0,0,Integrated Drive Electronics,
594,IDF,0,0,Intermediate Distribution Frame,
595,IDF,0,0,Intermediate Data Format,
596,IDL,0,0,Interactive Data Language,
597,IDL,0,0,Interface Definition Language,
598,IDS,0,0,Intrusion Detection System,
599,IE,0,0,Internet Explorer,
600,IEC,0,0,International Electrotechnical Commission,
601,IEEE,0,0,Institute of Electrical and Electronics Engineers,
602,IETF,0,0,Internet Engineering Task Force,
603,IFL,0,0,Integrated Facility for Linux,
604,IGMP,0,0,Internet Group Management Protocol,
605,IGRP,0,0,Interior Gateway Routing Protocol,
606,IHV,0,0,Independent Hardware Vendor,
607,IIOP,0,0,Internet Inter-Orb Protocol,
608,IIS,0,0,Internet Information Services,
609,IKE,0,0,Internet Key Exchange,
610,IL,0,0,Intermediate Language,
611,IM,0,0,Instant Messaging,
612,IMAP,0,0,Internet Message Access Protocol,
613,IME,0,0,Input Method Editor,
614,INFOSEC,0,0,Information Systems Security,
615,I/O,0,0,Input/output,
616,IoT,0,0,Internet of Things,
617,IP,0,0,Intellectual Property,
618,IP,0,0,Internet Protocol,
619,IPAM,0,0,IP Address Management,
620,IPC,0,0,Inter-Process Communication,
621,IPL,0,0,Initial Program Load,
622,IPMI,0,0,Intelligent Platform Management Interface,
623,IPO,0,0,Inter Procedural Optimization,
624,IPP,0,0,Internet Printing Protocol,
625,IPS,0,0,In-Plane Switching,
626,IPS,0,0,Instructions Per Second,
627,IPS,0,0,Intrusion Prevention System,
628,IPsec,0,0,Internet Protocol security,
629,IPTV,0,0,Internet Protocol Television,
630,IPv4,0,0,Internet Protocol version 4,
631,IPv6,0,0,Internet Protocol version 6,
632,IPX,0,0,Internetwork Packet Exchange,
633,IR,0,0,Intermediate Representation,
634,IRC,0,0,Internet Relay Chat,
635,IrDA,0,0,Infrared Data Association,
636,IRI,0,0,Internationalized Resource Identifier,
637,I/F,0,0,Interface,
638,IRP,0,0,I/O Request Packet,
639,IRQ,0,0,Interrupt Request,
640,IS,0,0,Information Systems,
641,IS-IS,0,0,Intermediate System to Intermediate System,
642,ISA,0,0,Industry Standard Architecture,
643,ISA,0,0,Instruction Set Architecture,
644,ISAM,0,0,Indexed Sequential Access Method,
645,ISATAP,0,0,Intra-Site Automatic Tunnel Addressing Protocol,
646,ISC,0,0,Internet Storm Center,
647,iSCSI,0,0,Internet Small Computer System Interface,
648,ISDN,0,0,Integrated Services Digital Network,
649,ISO,0,0,International Organization for Standardization,
650,iSNS,0,0,Internet Storage Name Service,
651,ISP,0,0,Internet Service Provider,
652,ISPF,0,0,Interactive System Productivity Facility,
653,ISR,0,0,Interrupt Service Routine,
654,ISV,0,0,Independent Software Vendor,
655,IT,0,0,Information Technology,
656,ITIL,0,0,Information Technology Infrastructure Library,
657,ITL,0,0,Interval Temporal Logic,
658,ITU,0,0,International Telecommunication Union,
659,IVRS,0,0,Interactive Voice Response System,
660,IVCR,0,0,Interactive Virtual Classroom,
661,J2EE,0,0,Java 2 Enterprise Edition,
662,J2ME,0,0,Java 2 Micro Edition,
663,J2SE,0,0,Java 2 Standard Edition,
664,JAXB,0,0,Java Architecture for XML Binding,
665,JAX-RPC,0,0,Java XML for Remote Procedure Calls,
666,JAXP,0,0,Java API for XML Processing,
667,JBOD,0,0,Just a Bunch of Disks,
668,JCE,0,0, Java Cryptography Extension,
669,JCL,0,0,Job Control Language,
670,JCP,0,0,Java Community Process,
671,JDBC,0,0,Java Database Connectivity,
672,JDK,0,0,Java Development Kit,
673,JEE,0,0,Java Enterprise Edition,
674,JES,0,0,Job Entry Subsystem,
675,JDS,0,0,Java Desktop System,
676,JFC,0,0,Java Foundation Classes,
677,JFET,0,0,Junction Field-Effect Transistor,
678,JFS,0,0,IBM Journaling File System,
679,JINI,0,0,Jini Is Not Initials,
680,JIT,0,0,Just-In-Time,
681,JME,0,0,Java Micro Edition,
682,JMX,0,0,Java Management Extensions,
683,JMS,0,0,Java Message Service,
684,JNDI,0,0,Java Naming and Directory Interface,
685,JNI,0,0,Java Native Interface,
686,JNZ,0,0,Jump non-zero,
687,JPEG,0,0,Joint Photographic Experts Group,
688,JRE,0,0,Java Runtime Environment,
689,JS,0,0,JavaScript,
690,JSE,0,0,Java Standard Edition,
691,JSON,0,0,JavaScript Object Notation,
692,JSP,0,0,Jackson Structured Programming,
693,JSP,0,0,JavaServer Pages,
694,JTAG,0,0,Joint Test Action Group,
695,JUG,0,0,Java Users Group,
696,JVM,0,0,Java Virtual Machine,
697,K&R,0,0,Kernighan and Ritchie,
698,KB,0,0,Keyboard,
699,Kb,0,0,Kilobit,
700,KB,0,0,Kilobyte,
701,KB,0,0,Knowledge Base,
702,KiB,0,0,Kibibyte,
703,KDE,0,0,K Desktop Environment,
704,kHz,0,0,Kilohertz,
705,KM,0,0,Knowledge Machine,
706,KRL,0,0,Knowledge Representation Language,
707,KVM,0,0,Keyboard Video Mouse,
708,L10N,0,0,Localization,
709,L2TP,0,0,Layer two Tunneling Protocol,
710,LACP,0,0,Link Aggregation Control Protocol,
711,LAMP,0,0,Linux Apache MySQL Perl,
712,LAMP,0,0,Linux Apache MySQL PHP,
713,LAMP,0,0,Linux Apache MySQL Python,
714,LAN,0,0,Local Area Network,
715,LBA,0,0,Logical Block Addressing,
716,LB,0,0,Load Balancer,
717,LCD,0,0,Liquid Crystal Display,
718,LCR,0,0,Least Cost Routing,
719,LCOS,0,0,Liquid Crystal On Silicon,
720,LDAP,0,0,Lightweight Directory Access Protocol,
721,LE,0,0,Logical Extents,
722,LED,0,0,Light-Emitting Diode,
723,LF,0,0,Line Feed,
724,LF,0,0,Low Frequency,
725,LFS,0,0,Linux From Scratch,
726,LGPL,0,0,Lesser General Public License,
727,LIB,0,0,LIBrary,
728,LIF,0,0,Low Insertion Force,
729,LIFO,0,0,Last In First Out,
730,LILO,0,0,Linux Loader,
731,LISP,0,0,LISt Processing,
732,LKML,0,0,Linux Kernel Mailing List,
733,LM,0,0,Lan Manager,
734,LOC,0,0,Lines of Code,
735,LPC,0,0,Lars PensjÃ¶ C,
736,LPI,0,0,Linux Professional Institute,
737,LPT,0,0, Line Print Terminal,
738,LRU,0,0,Least Recently Used,
739,LSB,0,0,Least Significant Bit,
740,LSB,0,0,Linux Standard Base,
741,LSI,0,0,Large-Scale Integration,
742,LTE,0,0,Long Term Evolution,
743,LTL,0,0,Linear Temporal Logic,
744,LTR,0,0,Left-to-Right,
745,LUG,0,0,Linux User Group,
746,LUN,0,0,Logical Unit Number,
747,LV,0,0,Logical Volume,
748,LVD,0,0,Low Voltage Differential,
749,LVM,0,0,Logical Volume Management,
750,LZW,0,0,Lempel-Ziv-Welch,
751,LGA,0,0,Land Grid Array,
752,MAC,0,0,Mandatory Access Control,
753,MAC,0,0,Media Access Control,
754,MAN,0,0,Metropolitan Area Network,
755,MANET,0,0,Mobile Ad-Hoc Network,
756,MAPI,0,0,Messaging Application Programming Interface,
757,Mb,0,0,Megabit,
758,MB,0,0,Megabyte,
759,MBCS,0,0,Multi Byte Character Set,
760,MBD,0,0,Model-Based Design,
761,MBR,0,0,Master Boot Record,
762,MCA,0,0,Micro Channel Architecture,
763,MCA,0,0,Microsoft Certified Architect,
764,MCAD,0,0,Microsoft Certified Application Developer,
765,MCAS,0,0,Microsoft Certified Application Specialist,
766,MCDBA,0,0,Microsoft Certified DataBase Administrator,
767,MCDST,0,0,Microsoft Certified Desktop Support Technician,
768,MCITP,0,0,Microsoft Certified Information Technology Professional,
769,MCM,0,0,Microsoft Certified Master,
770,MCP,0,0,Microsoft Certified Professional,
771,MCPC,0,0,Multiple Channels Per Carrier,
772,MCPD,0,0,Microsoft Certified Professional Developer,
773,MCSA,0,0,Microsoft Certified Systems Administrator,
774,MCSD,0,0,Microsoft Certified Solution Developer,
775,MCSE,0,0,Microsoft Certified Systems Engineer,
776,MCT,0,0,Microsoft Certified Trainer,
777,MCTS,0,0,Microsoft Certified Technology Specialist,
778,MDA,0,0,Mail Delivery Agent,
779,MDA,0,0,Model-Driven Architecture,
780,MDA,0,0,Monochrome Display Adapter,
781,MDD/MDSD,0,0,Model-Driven (Software) Development,
782,MDF,0,0,Main Distribution Frame,
783,MDI,0,0,Multiple Document Interface,
784,ME,0,0,Microsoft Edge,
785,ME,0,0,[Windows] Millennium Edition,
786,MF,0,0,Medium Frequency,
787,MFC,0,0,Microsoft Foundation Classes,
788,MFM,0,0,Modified Frequency Modulation,
789,MGCP,0,0,Media Gateway Control Protocol,
790,MHz,0,0,Megahertz,
791,MIB,0,0,Management Information Base,
792,MICR,0,0,Magnetic Ink Character Recognition,
793,MIDI,0,0,Musical Instrument Digital Interface,
794,MIMD,0,0,Multiple Instruction Multiple Data,
795,MIMO,0,0,Multiple-Input Multiple-Output,
796,MINIX,0,0,MIni-uNIX,
797,MIPS,0,0,Million Instructions Per Second,
798,MIPS,0,0,Microprocessor without Interlocked Pipeline Stages,
799,MIS,0,0,Management Information Systems,
800,MISD,0,0,Multiple Instruction Single Data,
801,MIT,0,0,Massachusetts Institute of Technology,
802,MIME,0,0,Multipurpose Internet Mail Extensions,
803,MMDS,0,0,Multichannel Multipoint Distribution Service,
804,MMDS,0,0,Mortality Medical Data System,
805,MMI,0,0,Man Machine Interface.,
806,MMIO,0,0,Memory-Mapped I/O,
807,MMORPG,0,0,Massively Multiplayer Online Role-Playing Game,
808,MMC,0,0, Microsoft Management Console,
809,MMU,0,0,Memory Management Unit,
810,MMX,0,0,Multi-Media Extensions,
811,MNG,0,0,Multiple-image Network Graphics,
812,MoBo,0,0,Motherboard,
813,MOM,0,0,Message-Oriented Middleware,
814,MOO,0,0,MUD Object Oriented,
815,MOP,0,0,Meta-Object Protocol,
816,MOS,0,0,Microsoft Office Specialist,
817,MOSFET,0,0,Metal-Oxide Semiconductor Field Effect Transistor,
818,MOTD,0,0,Message Of The Day,
819,MOUS,0,0,Microsoft Office User Specialist,
820,MOV,0,0,Apple QuickTime Multimedia File,
821,MPAA,0,0,Motion Picture Association of America,
822,MPEG,0,0,Motion Pictures Experts Group,
823,MPL,0,0,Mozilla Public License,
824,MPLS,0,0,Multiprotocol Label Switching,
825,MPU,0,0,Microprocessor Unit,
826,MS,0,0,Memory Stick,
827,MS,0,0,Microsoft,
828,MSB,0,0,Most Significant Bit,
829,MSN,0,0,Microsoft Network,
830,MS-DOS,0,0,Microsoft DOS,
831,MT,0,0,Machine Translation,
832,MTA,0,0,Mail Transfer Agent,
833,MTA,0,0,Microsoft Technology Associate,
834,MTBF,0,0,Mean Time Between Failures,
835,MTU,0,0,Maximum Transmission Unit,
836,MSA,0,0,Mail Submission Agent,
837,MSDN,0,0,Microsoft Developer Network,
838,MSI,0,0,Medium-Scale Integration,
839,MSI,0,0,Message Signaled Interrupt,
840,MSI,0,0,Microsoft Installer,
841,MUA,0,0,Mail User Agent,
842,MUD,0,0,Multi-User Dungeon,
843,MVC,0,0,Model-View-Controller,
844,MVP,0,0,Most Valuable Product,
845,MVS,0,0,Multiple Virtual Storage,
846,MWC,0,0,Mobile World Congress,
847,MX,0,0,Mail exchange,
848,MXF,0,0,Material Exchange Format,
849,NACK,0,0,Negative ACKnowledgement,
850,NAK,0,0,Negative AcKnowledge Character,
851,NaN,0,0,Not a Number,
852,NAP,0,0,Network Access Protection,
853,NAS,0,0,Network-Attached Storage,
854,NASM,0,0,Netwide ASseMbler,
855,NAT,0,0,Network Address Translation,
856,NCP,0,0,NetWare Core Protocol,
857,NCQ,0,0,Native Command Queuing,
858,NCSA,0,0,National Center for Supercomputing Applications,
859,NDIS,0,0,Network Driver Interface Specification,
860,NDPS,0,0,Novell Distributed Print Services,
861,NDS,0,0,Novell Directory Services,
862,NEP,0,0,Network Equipment Provider,
863,NetBIOS,0,0,Network Basic Input/Output System,
864,NetBT,0,0,NetBIOS over TCP/IP,
865,NEXT,0,0,Near-End CrossTalk,
866,NFA,0,0,Nondeterministic Finite Automaton,
867,NFC,0,0,Near field communication,
868,NFS,0,0,Network File System,
869,NGL,0,0,aNGeL,
870,NGSCB,0,0,Next-Generation Secure Computing Base,
871,NI,0,0,National Instruments,
872,NIC,0,0,Network Interface Controller,
873,NIM,0,0,No Internal Message,
874,NIO,0,0,New I/O,
875,NIST,0,0,National Institute of Standards and Technology,
876,NLP,0,0,Natural Language Processing,
877,NLS,0,0,Native Language Support,
878,NMI,0,0,Non-Maskable Interrupt,
879,NNTP,0,0,Network News Transfer Protocol,
880,NOC,0,0,Network Operations Center,
881,NOP,0,0,No OPeration,
882,NOS,0,0,Network Operating System,
883,NP,0,0,Nondeterministic Polynomial time,
884,NPL,0,0,Netscape Public License,
885,NPTL,0,0,Native POSIX Thread Library,
886,NPU,0,0,Network Processing Unit,
887,NS,0,0,Netscape,
888,NSA,0,0,Network Security Appliance,
889,NSI,0,0,Network Service Interface,
890,NSPR,0,0,Netscape Portable Runtime,
891,NSS,0,0,Novell Storage Service,
892,NSS,0,0,Network Security Services,
893,NSS,0,0,Name Service Switch,
894,NT,0,0,New Technology,
895,NTFS,0,0,NT Filesystem,
896,NTLM,0,0,NT Lan Manager,
897,NTP,0,0,Network Time Protocol,
898,NUMA,0,0,Non-Uniform Memory Access,
899,NURBS,0,0,Non-Uniform Rational B-Spline,
900,NVR,0,0,Network Video Recorder,
901,NVRAM,0,0,Non-Volatile Random Access Memory,
902,OASIS,0,0,Organization for the Advancement of Structured Information Standards,
903,OAT,0,0,Operational Acceptance Testing,
904,OBSAI,0,0,Open Base Station Architecture Initiative,
905,ODBC,0,0,Open Database Connectivity,
906,OEM,0,0,Original Equipment Manufacturer,
907,OES,0,0,Open Enterprise Server,
908,OFDM,0,0,Orthogonal Frequency Division Multiplexing,
909,OFTC,0,0,Open and Free Technology Community,
910,OID,0,0,Object Identifier,
911,OLAP,0,0,Online Analytical Processing,
912,OLE,0,0,Object Linking and Embedding,
913,OLED,0,0,Organic Light Emitting Diode,
914,OLPC,0,0,One Laptop per Child,
915,OLTP,0,0,Online Transaction Processing,
916,OMF,0,0,Object Module Format,
917,OMG,0,0,Object Management Group,
918,OMR,0,0,Optical Mark Reader,
919,OO,0,0,Object-Oriented,
920,OO,0,0,OpenOffice,
921,OOE,0,0,Out-of-Order Execution,
922,OOM,0,0,Out Of Memory,
923,OOo,0,0,OpenOffice.org,
924,OoOE,0,0,Out-of-Order Execution,
925,OOP,0,0,Object-Oriented Programming,
926,OOTB,0,0,Out of the box,
927,OPML,0,0,Outline Processor Markup Language,
928,ORB,0,0,Object Request Broker,
929,ORM,0,0,Object-Relational Mapping,
930,OS,0,0,Open Source,
931,OS,0,0,Operating System,
932,OSCON,0,0,O'Reilly Open Source CONvention,
933,OSDN,0,0,Open Source Development Network,
934,OSI,0,0,Open Source Initiative,
935,OSI,0,0,Open Systems Interconnection,
936,OSPF,0,0,Open Shortest Path First,
937,OSS,0,0,Open Sound System,
938,OSS,0,0,Open-Source Software,
939,OSS,0,0,Operations Support System,
940,OSTG,0,0,Open Source Technology Group,
941,OUI,0,0,Organisationally Unique Identifier,
942,P2P,0,0,Peer-To-Peer,
943,PaaS,0,0,Platform as a Service,
944,PAN,0,0,Personal Area Network,
945,PAP,0,0,Password Authentication Protocol,
946,PARC,0,0,Palo Alto Research Center,
947,PATA,0,0,Parallel ATA,
948,PBS,0,0,Portable Batch System,
949,PC,0,0,Personal Computer,
950,PCB,0,0,Printed Circuit Board,
951,PCB,0,0,Process Control Block,
952,PC DOS,0,0,Personal Computer Disc Operating System,
953,PCI,0,0,Peripheral Component Interconnect,
954,PCIe,0,0,PCI Express,
955,PCL,0,0,Printer Command Language,
956,PCMCIA,0,0,Personal Computer Memory Card International Association,
957,PCM,0,0,Pulse-Code Modulation,
958,PCRE,0,0,Perl Compatible Regular Expressions,
959,PD,0,0,Public Domain,
960,PDA,0,0,Personal Digital Assistant,
961,PDF,0,0,Portable Document Format,
962,PDH,0,0,Plesiochronous Digital Hierarchy,
963,PDP,0,0,Programmed Data Processor,
964,PE,0,0,Physical Extents,
965,PERL,0,0,Practical Extraction and Reporting Language,
966,PFA,0,0,Please Find Attachment,
967,PG,0,0,Peripheral Gateway,
968,PGA,0,0,Pin Grid Array,
969,PGA,0,0,Programmable Gate Array,
970,PGO,0,0,Profile-Guided Optimization,
971,PGP,0,0,Pretty Good Privacy,
972,PHP,0,0,Hypertext Preprocessor,
973,PIC,0,0,Peripheral Interface Controller,
974,PIC,0,0,Programmable Interrupt Controller,
975,PID,0,0,Proportional-Integral-Derivative,
976,PID,0,0,Process ID,
977,PIM,0,0,Personal Information Manager,
978,PINE,0,0,Program for Internet News and Email,
979,PIM,0,0,Platform Independent Model,
980,PIO,0,0,Programmed Input/Output,
981,PKCS,0,0,Public Key Cryptography Standards,
982,PKI,0,0,Public Key Infrastructure,
983,PLC,0,0,Power Line Communication,
984,PLC,0,0,Programmable Logic Controller,
985,PLD,0,0,Programmable Logic Device,
986,PL/I,0,0,Programming Language One,
987,PL/M,0,0,Programming Language for Microcomputers,
988,PL/P,0,0,Programming Language for Prime,
989,PLT,0,0,Power Line Telecommunications,
990,PMM,0,0,POST Memory Manager,
991,PNG,0,0,Portable Network Graphics,
992,PnP,0,0,Plug-and-Play,
993,PNRP,0,0,Peer Name Resolution Protocol,
994,PoE,0,0,Power over Ethernet,
995,POID,0,0,Persistent Object Identifier,
996,POJO,0,0,Plain Old Java Object,
997,POP,0,0,Point of Presence,
998,POP3,0,0,Post Office Protocol v3,
999,POSIX,0,0,Portable Operating System Interface formerly IEE-IX,
1000,POST,0,0,Power-On Self Test,
1001,PPC,0,0,PowerPC,
1002,PPI,0,0,Pixels Per Inch,
1003,PPP,0,0,Point-to-Point Protocol,
1004,PPPoA,0,0,PPP over ATM,
1005,PPPoE,0,0,PPP over Ethernet,
1006,PPTP,0,0,Point-to-Point Tunneling Protocol,
1007,PR,0,0,Pull Request,
1008,PS,0,0,PostScript,
1009,PS/2,0,0,Personal System/2,
1010,PSA,0,0,Professional Services Automation,
1011,PSM,0,0,Platform Specific Model,
1012,PSU,0,0,Power Supply Unit,
1013,PSVI,0,0,Post-Schema-Validation Infoset,
1014,PTS-DOS,0,0,PhysTechSoft - Disk Operating System,
1015,PV,0,0,Physical Volume,
1016,PVG,0,0,Physical Volume Group,
1017,PVR,0,0,Personal Video Recorder,
1018,PXE,0,0,Preboot Execution Environment,
1019,PXI,0,0,PCI eXtensions for Instrumentation,
1020,QDR,0,0,Quad Data Rate,
1021,QA,0,0,Quality Assurance,
1022,QFP,0,0,Quad Flat Package,
1023,QoS,0,0,Quality of Service,
1024,QOTD,0,0,Quote of the Day,
1025,Qt,0,0,Quasar Toolkit,
1026,QTAM,0,0,Queued Teleprocessing Access Method,
1027,QSOP,0,0,Quarter Small Outline Package,
1028,qWave,0,0,Quality Windows Audio/Video Experience,
1029,RACF,0,0,Resource Access Control Facility,
1030,RAD,0,0,Rapid Application Development,
1031,RADIUS,0,0,Remote Authentication Dial In User Service,
1032,RAID,0,0,Redundant Array of Independent Disks,
1033,RAII,0,0,Resource Acquisition Is Initialization,
1034,RAIT,0,0,Redundant Array of Inexpensive Tapes,
1035,RAM,0,0,Random Access Memory,
1036,RARP,0,0,Reverse Address Resolution Protocol,
1037,RAS,0,0,Reliability  Availability and Serviceability,
1038,RAS,0,0,Remote Access Service,
1039,RC,0,0,Region Code,
1040,RC,0,0,Release Candidate,
1041,RC,0,0,Run Commands,
1042,RCS,0,0,Revision Control System,
1043,RD,0,0,Remote Desktop,
1044,rd,0,0,remove directory,
1045,RDBMS,0,0,Relational Database Management System,
1046,RDC,0,0,Remote Desktop Connection,
1047,RDF,0,0,Resource Description Framework,
1048,RDM,0,0,Relational Data Model,
1049,RDOS,0,0,Real-time Disk Operating System,
1050,RDP,0,0, Remote Desktop Protocol,
1051,RDS,0,0,Remote Data Services,
1052,REFAL,0,0,Recursive Functions Algorithmic Language,
1053,REST,0,0,Representational State Transfer,
1054,regex,0,0,Regular Expression,
1055,regexp,0,0,Regular Expression,
1056,RF,0,0,Radio Frequency,
1057,RFC,0,0,Request For Comments,
1058,RFI,0,0,Radio Frequency Interference,
1059,RFID,0,0,Radio Frequency Identification,
1060,RGB,0,0,Red Green Blue,
1061,RGBA,0,0,Red Green Blue Alpha,
1062,RHL,0,0,Red Hat Linux,
1063,RHEL,0,0,Red Hat Enterprise Linux,
1064,RIA,0,0,Rich Internet Application,
1065,RIAA,0,0,Recording Industry Association of America,
1066,RIP,0,0,Raster Image Processor,
1067,RIP,0,0,Routing Information Protocol,
1068,RIR,0,0,Regional Internet registry,
1069,RISC,0,0,Reduced Instruction Set Computer,
1070,RISC OS,0,0,Reduced Instruction Set Computer Operating System,
1071,RJE,0,0,Remote Job Entry,
1072,RLE,0,0,Run-Length Encoding,
1073,RLL,0,0,Run-Length Limited,
1074,rmdir,0,0,remove directory,
1075,RMI,0,0,Remote Method Invocation,
1076,RMS,0,0,Richard Matthew Stallman,
1077,ROM,0,0,Read Only Memory,
1078,ROMB,0,0,Read-Out Motherboard,
1079,ROM-DOS,0,0,Read Only Memory - Disk Operating System,
1080,RPC,0,0,Remote Procedure Call,
1081,RPG,0,0,Report Program Generator,
1082,RPM,0,0,RPM Package Manager,
1083,RRAS,0,0,Routing and Remote Access Service,
1084,RSA,0,0,Rivest Shamir Adleman,
1085,RSI,0,0,Repetitive Strain Injury,
1086,RSS,0,0,Radio Service Software,
1087,RSS,0,0,Rich Site Summary - RDF Site Summary -  or Really Simple Syndication, 
1088,RTAI,0,0,Real-Time Application Interface,
1089,RTC,0,0,Real-Time Clock,
1090,RTE,0,0,Real-Time Enterprise,
1091,RTEMS,0,0,Real-Time Executive for Multiprocessor Systems,
1092,RTL,0,0,Right-to-Left,
1093,RTOS,0,0,Real-Time Operating System,
1094,RTP,0,0,Real-time Transport Protocol,
1095,RTS,0,0,Ready To Send,
1096,RTSP,0,0,Real Time Streaming Protocol,
1097,RTTI,0,0,Run-time Type Information,
1098,RWD,0,0,Responsive Web Design,
1099,SaaS,0,0,Software as a Service,
1100,SAM,0,0, Security Account Manager,
1101,SAN,0,0,Storage Area Network,
1102,SAS,0,0,Serial attached SCSI,
1103,SATA,0,0,Serial ATA,
1104,SAX,0,0,Simple API for XML,
1105,SBOD,0,0,Spinning Beachball of Death,
1106,SBP-2,0,0,Serial Bus Protocol 2,
1107,sbin,0,0,superuser binary,
1108,SBU,0,0,Standard Build Unit,
1109,SCADA,0,0,Supervisory Control And Data Acquisition,
1110,SCID,0,0,Source Code in Database,
1111,SCM,0,0,Software Configuration Management,
1112,SCM,0,0,Source Code Management,
1113,SCP,0,0,Secure Copy,
1114,SCPC,0,0,Single Channel Per Carrier,
1115,SCPI,0,0,Standard Commands for Programmable Instrumentation,
1116,SCSA,0,0,Secure Content Storage Association,
1117,SCSI,0,0,Small Computer System Interface,
1118,SCTP,0,0,Stream Control Transmission Protocol,
1119,SD,0,0,Secure Digital,
1120,SDDL,0,0,Security Descriptor Definition Language,
1121,SDH,0,0,Synchronous Digital Hierarchy,
1122,SDI,0,0,Single Document Interface,
1123,SEC,0,0,Single Edge Contact,
1124,SDIO,0,0,Secure Digital Input Output,
1125,SDK,0,0,Software Development Kit,
1126,SDL,0,0,Simple DirectMedia Layer,
1127,SDN,0,0,Service Delivery Network,
1128,SDP,0,0,Session Description Protocol,
1129,SDR,0,0,Software-Defined Radio,
1130,SDRAM,0,0,Synchronous Dynamic Random Access Memory,
1131,SDSL,0,0,Symmetric DSL,
1132,SE,0,0,Single Ended,
1133,SEI,0,0,Software Engineering Institute,
1134,SEO,0,0,Search Engine Optimization,
1135,SFTP,0,0,Secure FTP,
1136,SFTP,0,0,Simple File Transfer Protocol,
1137,SFTP,0,0,SSH File Transfer Protocol,
1138,SGI,0,0,Silicon Graphics Incorperated,
1139,SGML,0,0,Standard Generalized Markup Language,
1140,SGR,0,0,Select Graphic Rendition,
1141,SHA,0,0,Secure Hash Algorithm,
1142,SHDSL,0,0,Single-pair High-speed Digital Subscriber Line,
1143,SIGCAT,0,0,Special Interest Group on CD-ROM Applications and Technology,
1144,SIGGRAPH,0,0,Special Interest Group on Graphics,
1145,SIMD,0,0,Single Instruction  Multiple Data,
1146,SIMM,0,0,Single Inline Memory Module,
1147,SIP,0,0,Session Initiation Protocol,
1148,SIP,0,0,Supplementary Ideographic Plane,
1149,SISD,0,0,Single Instruction Single Data, 
1150,SISO,0,0,Single-Input and Single-Output,
1151,SLED,0,0,SUSE Linux Enterprise Desktop,
1152,SLES,0,0,SUSE Linux Enterprise Server,
1153,SLI,0,0,Scalable Link Interface,
1154,SLIP,0,0,Serial Line Internet Protocol,
1155,SLM,0,0,Service Level Management,
1156,SLOC,0,0,Source Lines of Code,
1157,SME,0,0,Subject Matter Expert,
1158,SPM,0,0,Software project management,
1159,SPMD,0,0,Single Program  Multiple Data,
1160,SMA,0,0,SubMiniature version A,
1161,SMB,0,0,Server Message Block,
1162,SMBIOS,0,0,System Management BIOS,
1163,SMIL,0,0,Synchronized Multimedia Integration Language,
1164,S/MIME,0,0,Secure/Multipurpose Internet Mail Extensions,
1165,SMP,0,0,Supplementary Multilingual Plane,
1166,SMP,0,0,Symmetric Multi-Processing,
1167,SMPS,0,0,Switch Mode Power Supply,
1168,SMS,0,0,Short Message Service,
1169,SMS,0,0,System Management Server,
1170,SMT,0,0,Simultaneous Multithreading,
1171,SMTP,0,0,Simple Mail Transfer Protocol,
1172,SNA,0,0,Systems Network Architecture,
1173,SNMP,0,0,Simple Network Management Protocol,
1174,SNTP,0,0,Simple Network Time Protocol,
1175,SOA,0,0,Service-Oriented Architecture,
1176,SOAP,0,0,Simple Object Access Protocol,
1177,SOAP,0,0,Symbolic Optimal Assembly Program,
1178,SOPA,0,0,Stop Online Piracy Act,
1179,SoC,0,0,System-on-a-Chip,
1180,SO-DIMM,0,0,Small Outline DIMM,
1181,SOE,0,0,Standard Operating Environment,
1182,SOHO,0,0,Small Office/Home Office,
1183,SOI,0,0,Silicon On Insulator,
1184,SP,0,0,Service Pack,
1185,SPA,0,0,Single Page Application,
1186,SPF,0,0,Sender Policy Framework,
1187,SPI,0,0,Serial Peripheral Interface,
1188,SPI,0,0,Stateful Packet Inspection,
1189,SPARC,0,0,Scalable Processor Architecture,
1190,SQL,0,0,Structured Query Language,
1191,SRAM,0,0,Static Random Access Memory,
1192,SSA,0,0,Static Single Assignment,
1193,SSD,0,0,Software Specification Document,
1194,SSD,0,0,Solid-State Drive,
1195,SSDP,0,0,Simple Service Discovery Protocol,
1196,SSE,0,0,Streaming SIMD Extensions,
1197,SSH,0,0,Secure Shell,
1198,SSI,0,0,Server Side Includes,
1199,SSI,0,0,Single-System Image,
1200,SSI,0,0,Small-Scale Integration,
1201,SSID,0,0,Service Set Identifier,
1202,SSL,0,0,Secure Socket Layer,
1203,SSP,0,0,Supplementary Special-purpose Plane,
1204,SSSE,0,0,Supplementary Streaming SIMD Extensions,
1205,SSSP,0,0,Single Source Shortest Path,
1206,SSTP,0,0,Secure Socket Tunneling Protocol,
1207,su,0,0,superuser,
1208,SUS,0,0,Single UNIX Specification,
1209,SUSE,0,0,Software und System-Entwicklung,
1210,SVC,0,0,Scalable Video Coding,
1211,SVG,0,0,Scalable Vector Graphics,
1212,SVGA,0,0,Super Video Graphics Array,
1213,SVD,0,0,Structured VLSI Design,
1214,SWF,0,0,Shock Wave Flash,
1215,SWT,0,0,Standard Widget Toolkit,
1216,Sysop,0,0,System operator,
1217,TAO,0,0,Track-At-Once,
1218,TAPI,0,0,Telephony Application Programming Interface,
1219,TASM,0,0,Turbo ASseMbler,
1220,TB,0,0,TeraByte,
1221,Tcl,0,0,Tool Command Language,
1222,TCP,0,0,Transmission Control Protocol,
1223,TCP/IP,0,0,Transmission Control Protocol/Internet Protocol,
1224,TCU,0,0,Telecommunication Control Unit,
1225,TDMA,0,0,Time-Division Multiple Access,
1226,TFT,0,0,Thin-Film Transistor,
1227,TFTP,0,0,Trivial File Transfer Protocol,
1228,TI,0,0,Texas Instruments,
1229,TLA,0,0,Three-Letter Acronym,
1230,TLD,0,0,Top-Level Domain,
1231,TLS,0,0,Thread-Local Storage,
1232,TLS,0,0,Transport Layer Security,
1233,TLV,0,0,Type-length-value,
1234,tmp,0,0,temporary,
1235,TNC,0,0,Terminal Node Controller,
1236,TNC,0,0,Threaded Neill-Concelman connector,
1237,TPF,0,0,Transaction Processing Facility,
1238,TPM,0,0,Trusted Platform Module,
1239,TROFF,0,0,Trace Off,
1240,TRON,0,0,Trace On,
1241,TRON,0,0,The Real-time Operating system Nucleus,
1242,TRSDOS,0,0,Tandy Radio Shack - Disk Operating System,
1243,TSO,0,0,Time Sharing Option,
1244,TSP,0,0,Traveling Salesman Problem,
1245,TSR,0,0,Terminate and Stay Resident,
1246,TTA,0,0,True Tap Audio,
1247,TTF,0,0,TrueType Font,
1248,TTL,0,0,Transistor-Transistor Logic,
1249,TTL,0,0,Time To Live,
1250,TTS,0,0,Text-to-Speech,
1251,TTY,0,0,Teletype,
1252,TUCOWS,0,0,The Ultimate Collection of Winsock Software,
1253,TUG,0,0,TeX Users Group,
1254,TWAIN,0,0,Technology Without An Interesting Name,
1255,UAAG,0,0,User Agent Accessibility Guidelines,
1256,UAC,0,0,User Account Control,
1257,UART,0,0,Universal Asynchronous Receiver/Transmitter,
1258,UAT,0,0,User Acceptance Testing,
1259,UCS,0,0,Universal Character Set,
1260,UDDI,0,0,Universal Description  Discovery  and Integration,
1261,UDMA,0,0,Ultra DMA,
1262,UDP,0,0,User Datagram Protocol,
1263,UEFI,0,0,Unified Extensible Firmware Interface,
1264,UHF,0,0,Ultra High Frequency,
1265,UI,0,0,User Interface,
1266,UL,0,0,Upload,
1267,ULA,0,0,Uncommitted Logic Array,
1268,UMA,0,0,Upper Memory Area,
1269,UMB,0,0,Upper Memory Block,
1270,UML,0,0,Unified Modeling Language,
1271,UML,0,0,User-Mode Linux,
1272,UMPC,0,0,Ultra-Mobile Personal Computer,
1273,UMTS,0,0,Universal Mobile Telecommunications System,
1274,UNC,0,0,Universal Naming Convention,
1275,UNIVAC,0,0,Universal Automatic Computer (By MKS),
1276,UPS,0,0,Uninterruptible Power Supply,
1277,URI,0,0,Uniform Resource Identifier,
1278,URL,0,0,Uniform Resource Locator,
1279,URN,0,0,Uniform Resource Name,
1280,USB,0,0,Universal Serial Bus,
1281,usr,0,0,user,
1282,USR,0,0,U.S. Robotics,
1283,UTC,0,0,Coordinated Universal Time,
1284,UTF,0,0,Unicode Transformation Format,
1285,UTP,0,0,Unshielded Twisted Pair,
1286,UTRAN,0,0,Universal Terrestrial Radio Access Network,
1287,UUCP,0,0,Unix to Unix Copy,
1288,UUID,0,0,Universally Unique Identifier,
1289,UUN,0,0,Universal User Name,
1290,UVC,0,0,Universal Virtual Computer,
1291,UWP,0,0,Universal Windows Platform,
1292,UX,0,0,User Experience,
1293,var,0,0,variable,
1294,VAX,0,0,Virtual Address eXtension,
1295,VCPI,0,0,Virtual Control Program Interface,
1296,VR,0,0,Virtual Reality,
1297,VRML,0,0,Virtual Reality Modeling Language,
1298,VB,0,0,Visual Basic,
1299,VBA,0,0,Visual Basic for Applications,
1300,VBS,0,0,Visual Basic Script,
1301,VDM,0,0, Virtual DOS machine,
1302,VDSL,0,0,Very High Bitrate Digital Subscriber Line,
1303,VESA,0,0,Video Electronics Standards Association,
1304,VFAT,0,0,Virtual FAT,
1305,VHD ,0,0, Virtual Hard Disk,
1306,VFS,0,0,Virtual File System,
1307,VG,0,0,Volume Group,
1308,VGA,0,0,Video Graphics Array,
1309,VHF,0,0,Very High Frequency,
1310,VLAN,0,0,Virtual Local Area Network,
1311,VLSM,0,0,Variable Length Subnet Mask,
1312,VLB,0,0,Vesa Local Bus,
1313,VLF,0,0,Very Low Frequency,
1314,VLIW,0,0,Very Long Instruction Word,
1315,VLSI,0,0,Very-Large-Scale Integration,
1316,VM,0,0,Virtual Machine,
1317,VM,0,0,Virtual Memory,
1318,VMM,0,0,Virtual Machine Monitor,
1319,VNC,0,0,Virtual Network Computing,
1320,VOD,0,0,Video On Demand,
1321,VoIP,0,0,Voice over Internet Protocol,
1322,VPN,0,0,Virtual Private Network,
1323,VPU,0,0,Visual Processing Unit,
1324,VSAM,0,0,Virtual Storage Access Method,
1325,VSAT,0,0,Very Small Aperture Terminal,
1326,VT,0,0,Video Terminal?,
1327,VTAM,0,0,Virtual Telecommunications Access Method,
1328,VRAM,0,0,Video Random Access Memory,
1329,W3C,0,0,World Wide Web Consortium,
1330,WWDC,0,0,Apple World Wide Developer Conference,
1331,WAFS,0,0,Wide Area File Services,
1332,WAI,0,0,Web Accessibility Initiative,
1333,WAIS,0,0,Wide Area Information Server,
1334,WAN,0,0,Wide Area Network,
1335,WAP,0,0,Wireless Access Point,
1336,WAP,0,0,Wireless Application Protocol,
1337,WASM,0,0,Watcom ASseMbler,
1338,WBEM,0,0,Web-Based Enterprise Management,
1339,WCAG,0,0,Web Content Accessibility Guidelines,
1340,WCF,0,0,Windows Communication Foundation,
1341,WDM,0,0,Wavelength-Division Multiplexing,
1342,WebDAV,0,0,WWW Distributed Authoring and Versioning,
1343,WEP,0,0,Wired Equivalent Privacy,
1344,WFI,0,0,Wait For Interrupt,
1345,WiMAX,0,0,Worldwide Interoperability for Microwave Access,
1346,WinFS,0,0,Windows Future Storage,
1347,WinRT,0,0,Windows RunTime,
1348,WINS,0,0,Windows Internet Name Service,
1349,WLAN,0,0,Wireless Local Area Network,
1350,WMA,0,0,Windows Media Audio,
1351,WMI,0,0, Windows Management Instrumentation,
1352,WMV,0,0,Windows Media Video,
1353,WNS,0,0,Windows Push Notification Service,
1354,WOL,0,0,Wake-on-LAN,
1355,WOR,0,0,Wake-on-Ring,
1356,WORA,0,0,Write once  run anywhere,
1357,WORE,0,0,Write once  run everywhere,
1358,WPA,0,0,Wi-Fi Protected Access,
1359,WPAD,0,0,Web Proxy Autodiscovery Protocol,
1360,WPAN,0,0,Wireless Personal Area Network,
1361,WPF,0,0,Windows Presentation Foundation,
1362,WS-D,0,0,Web Services-Discovery,
1363,WSDL,0,0,Web Services Description Language,
1364,WSFL,0,0,Web Services Flow Language,
1365,WUSB,0,0,Wireless Universal Serial Bus,
1366,WWAN,0,0,Wireless Wide Area Network,
1367,WWID,0,0,World Wide Identifier,
1368,WWN,0,0,World Wide Name,
1369,WWW,0,0,World Wide Web,
1370,WYSIWYG,0,0,What You See Is What You Get,
1371,WZC,0,0,Wireless Zero Configuration,
1372,XAG,0,0,XML Accessibility Guidelines,
1373,XAML,0,0,eXtensible Application Markup Language,
1374,XDM,0,0,X Window Display Manager,
1375,XDMCP,0,0,X Display Manager Control Protocol,
1376,XCBL,0,0,XML Common Business Library,
1377,XHTML,0,0,eXtensible Hypertext Markup Language,
1378,XILP,0,0,X Interactive ListProc,
1379,XML,0,0,eXtensible Markup Language,
1380,XMMS,0,0,X Multimedia System,
1381,XMPP,0,0,eXtensible Messaging and Presence Protocol,
1382,XMS,0,0,Extended Memory Specification,
1383,XNS,0,0,Xerox Network Systems,
1384,XP,0,0,Cross-Platform,
1385,XP,0,0,Extreme Programming,
1386,XPCOM,0,0,Cross Platform Component Object Model,
1387,XPI,0,0,XPInstall,
1388,XPIDL,0,0,Cross-Platform IDL,
1389,XPS,0,0, XML Paper Specification,
1390,XSD,0,0,XML Schema Definition,
1391,XSL,0,0,eXtensible Stylesheet Language,
1392,XSL-FO,0,0,eXtensible Stylesheet Language Formatting Objects,
1393,XSLT,0,0,eXtensible Stylesheet Language Transformations,
1394,XSS,0,0,Cross-Site Scripting,
1395,XTF,0,0,eXtensible Tag Framework,
1396,XTF,0,0,eXtended Triton Format,
1397,XUL,0,0,XML User Interface Language,
1398,XVGA,0,0,Extended Video Graphics Adapter,
1399,Y2K,0,0,Year Two Thousand,
1400,YAAF,0,0,Yet Another Application Framework,
1401,YACC,0,0,Yet Another Compiler Compiler,
1402,YAML,0,0,YAML Ain't Markup Language,
1403,YaST,0,0,Yet another Setup Tool,
1404,ZCAV,0,0,Zone Constant Angular Velocity,
1405,ZCS,0,0,Zero Code Suppression,
1406,ZIF,0,0,Zero Insertion Force,
1407,ZIFS,0,0,Zero Insertion Force Socket,
1408,ZISC,0,0,Zero Instruction Set Computer,
1409,ZOI,0,0,Zero One Infinity,
1410,ZOPE,0,0,Z Object Publishing Environment,
1411,ZMA,0,0,Zone Multicast Address,
1412,ZPL,0,0,Z-level Programming Language,
1413,AFK,0,0,Away From Keyboard,
1414,BRB,0,0,Be Right Back,
1415,BBIAB,0,0,Be Back In A Bit,
1416,BBL,0,0,Be Back Later,
1417,TTFN,0,0,Ta Ta For Now,
1418,BBS,0,0,Be Back Soon,
1419,BTW,0,0,By The Way,
1420,HAGN,0,0,Have A Good Night,
1421,KISS,0,0,Keep It Simple Stupid,
1422,KIT,0,0,Keep In Touch,
1423,EG,0,0,Evil Grin,
1424,BEG,0,0,Big Evil Grin,
1425,NYOB,0,0,None of Your Business,
1426,OMG,5,2,Oh My God,
1427,PM,0,0,Private Message,
1428,POS,0,0,Parents Over Shoulder,
1429,TTYL,0,0,Talk To You Later,
1430,LTNS,0,0,Long Time No See,
1431,SSDD,0,0,Same Sh$% Different Day,
1432,IDK,0,0,I don't know,